{"version":"1.0","type":"linear_regression","trainedAt":"2026-04-23T10:53:57.095Z","samples":2000,"avgFlightPrice":5988,"cityTiers":{"mumbai":1,"delhi":1,"bangalore":1,"chennai":1,"kolkata":1,"hyderabad":1,"pune":2,"ahmedabad":2,"jaipur":2,"lucknow":2,"kochi":2,"goa":2,"manali":3,"shimla":3,"udaipur":3,"varanasi":3,"agra":3},"features":["cityTier","budgetEnc","days","travelers","hotelPricePerNight"],"model":{"weights":[0,45132.656931062585,17213.93895459939,27871.605245920746,9.793743765956435],"bias":-206507.0376311054,"means_x":[1,1.867,4.463,2.5105,5044.23],"mean_y":73955.0035}}